,ant,camel,jedit,log4j,tomcat,velocity,xalan,xerces,MEAN
count,745.0,872.0,306.0,135.0,858.0,229.0,723.0,453.0,540.125
mean,0.45369127516778524,0.3841743119266055,0.738562091503268,0.45185185185185184,0.13286713286713286,0.8296943231441049,0.2157676348547718,0.4260485651214128,0.45408214830461663
std,1.1386727966778671,1.2561223685264402,2.356076877673778,1.1043909547227437,0.5122229983727927,1.7576375674275218,0.6096412015973992,1.8994483519917078,1.3292766396237814
min,0.0,0.0,0.0,0.0,0.0,0.0,0.0,0.0,0.0
25%,0.0,0.0,0.0,0.0,0.0,0.0,0.0,0.0,0.0
50%,0.0,0.0,0.0,0.0,0.0,0.0,0.0,0.0,0.0
75%,0.0,0.0,0.0,0.5,0.0,1.0,0.0,0.0,0.1875
max,10.0,17.0,23.0,9.0,6.0,12.0,7.0,30.0,14.25
