,ANT,CAMEL,JEDIT,LOG4J,TOMCAT,VELOCITY,XALAN,XERCES,mean
Logistic Regression,0.6901534526854219,0.5091636551368096,0.7137049941927991,0.6847826086956522,0.575381140598532,0.6495098039215687,0.5633640552995391,0.6233766233766233,0.6261795417383682
Naive Bayes Classifier,0.7289002557544757,0.6135776974703149,0.7015098722415796,0.766304347826087,0.5618294748729531,0.6642156862745099,0.6501536098310291,0.5551948051948051,0.6552107186832192
K-Nearest Neighbor,0.6563938618925831,0.5158750645327828,0.5586527293844368,0.6847826086956522,0.484472049689441,0.7058823529411765,0.587173579109063,0.5,0.5866540307806419
Neural Network,0.6132992327365729,0.5726639132679401,0.6062717770034843,0.6195652173913043,0.6115189158667419,0.6470588235294119,0.5670122887864824,0.6590909090909091,0.6120601347091058
Support Vector Machine,0.6797953964194373,0.5192307692307693,0.4994192799070848,0.641304347826087,0.4968944099378882,0.5416666666666666,0.5238095238095238,0.5,0.5502650492246821
Decision Tree,0.6941176470588236,0.6151264842540011,0.6527293844367015,0.5978260869565217,0.5835686053077358,0.5588235294117647,0.642089093701997,0.6266233766233766,0.6213630259688652
Random Forest,0.7419437340153453,0.6053175012906556,0.7619047619047619,0.7445652173913043,0.5784867306606437,0.676470588235294,0.5831413210445469,0.6363636363636364,0.6660241863632735
XG-Boost,0.7402813299232737,0.6529426948890037,0.79732868757259,0.7228260869565217,0.7086391869000566,0.7303921568627451,0.7413594470046083,0.6590909090909091,0.7191075623999635
